日付,カテゴリ,項目名,担当部署,担当者,状態,重要度,確認日,実績値,単位,内部ノート,備考
2024-02-15 11:30,環境モニタリング,エリアA 温度,環境管理部,佐藤,正常,低,2024-02-16,22.1,℃,ログは安定,基準値内で安定
2024-03-08 15:10,設備パフォーマンス,製造ライン1 稼働率,保全部,高橋,正常,低,2024-03-09,88.9,%,稼働記録あり,目標稼働率を維持
2024-04-22 10:00,プロセス管理,材料供給速度,生産管理部,鈴木,正常,低,2024-04-22,315,kg/h,供給正常,計画通り供給中
2024-05-18 14:25,ITインフラ,サーバーA 応答時間,IT部,田中,注意,中,2024-05-18,35.8,ms,要監視,通常より応答が遅延、要調査
2024-06-29 17:00,在庫管理,部品X 在庫数,物流部,佐々木,正常,低,2024-06-30,4120,個,在庫棚卸OK,在庫数は適正範囲
2024-07-11 13:45,品質管理,製品寸法精度,品質保証部,山田,正常,低,2024-07-11,±0.04,mm,検査記録正常,品質基準を維持
2024-08-20 09:05,エネルギー管理,水道使用量,エネルギー管理部,伊藤,正常,低,2024-08-20,95.3,m³,微増傾向,前月比で微増
2024-09-05 10:55,安全管理,異常検知システム,安全衛生部,中村,正常,低,2024-09-05,0,件,異常なし,異常検知なし
2024-10-17 16:20,設備メンテナンス,ポンプ03 点検進捗,保全部,小林,正常,低,2024-10-17,100,%,点検完了,定期メンテナンス完了
2024-11-28 12:00,物流プロセス,配送トラック 平均速度,物流部,加藤,正常,低,2024-11-28,52,km/h,運行正常,遅延なく運行中
2025-01-10 09:30,設備パフォーマンス,エアコンプレッサー 圧力,保全部,佐藤,注意,中,2025-01-11,0.68,MPa,点検推奨,圧力がやや低下、点検を推奨
2025-02-21 17:40,環境モニタリング,冷蔵倉庫 温度,環境管理部,高橋,正常,低,2025-02-21,4.1,℃,温度維持,設定温度を維持
2025-03-14 15:00,エネルギー管理,空調システム 消費電力,エネルギー管理部,管理部,異常,高,2025-03-14,180.5,kWh,緊急対応要,消費電力が異常値、緊急点検
2025-04-30 10:10,品質管理,検査工程 合格率,品質保証部,鈴木,正常,低,2025-04-30,99.8,%,良好,高い品質を維持
2025-06-05 09:00,設備メンテナンス,空調フィルター 交換状況,保全部,田中,正常,低,2025-06-05,完了,-,交換済,定期交換を実施
2025-07-24 13:35,プロセス管理,タスクA 処理時間,生産管理部,佐々木,正常,低,2025-07-24,130,秒,目標内,目標時間内に完了
2025-08-19 16:50,設備パフォーマンス,モーターB 振動レベル,保全部,山田,正常,低,2025-08-19,0.9,mm/s,振動良好,振動は基準値内
2025-10-02 11:20,環境モニタリング,事業所排水 pH値,環境管理部,伊藤,正常,低,2025-10-02,7.1,pH,基準内,環境基準値内
2025-12-11 15:45,物流プロセス,荷物仕分けシステム 処理能力,物流部,中村,正常,低,2025-12-11,9100,個/h,安定稼働,ピークタイムも安定稼働