date,product_no,customer,item_name,powder_name
2024/01/04,D9Q46N,D社,フィルター,粉体γ
2024/01/19,Z15BCW,C社,バルブ,粉体γ
2024/01/21,52XG8P,A社,フィルター,粉体γ
2024/02/16,YSAL8M,D社,バルブ,粉体α
2024/02/17,GIPPSF,C社,シール,粉体β
2024/02/19,OH25NS,C社,バルブ,粉体β
2024/02/20,JUV0GY,E社,ホース,粉体α
2024/02/20,LN4RXY,C社,ホース,粉体γ
2024/02/22,9GKDLK,D社,ポンプ,粉体γ
2024/02/22,WIOXD9,A社,ポンプ,粉体γ
2024/02/23,UZPEAL,E社,ホース,粉体γ
2024/02/29,ZVGWW4,B社,バルブ,粉体α
2024/03/09,I92IRM,E社,シール,粉体β
2024/03/17,73JGZL,C社,シール,粉体α
2024/03/18,S9TOQW,C社,シール,粉体γ
2024/03/18,CT64Z7,B社,シール,粉体γ
2024/03/29,GTII4F,D社,フィルター,粉体γ
2024/04/11,ECGZ93,C社,シール,粉体γ
2024/04/18,9QKGEX,D社,シール,粉体β
2024/04/19,VS8Q34,A社,ポンプ,粉体γ
2024/04/19,V20YAR,E社,ポンプ,粉体α
2024/04/21,T1NTMJ,E社,ホース,粉体β
2024/04/29,JA26YF,D社,シール,粉体γ
2024/04/29,LH9BH8,B社,シール,粉体β
2024/04/30,1BXW76,B社,バルブ,粉体α
2024/05/01,1750CE,B社,ポンプ,粉体β
2024/05/03,J1EPKY,D社,ポンプ,粉体γ
2024/05/03,I826GY,E社,ホース,粉体β
2024/05/05,LEN606,D社,シール,粉体α
2024/05/08,NMKZA3,D社,シール,粉体α
2024/05/10,EITNN8,E社,ホース,粉体γ
2024/05/15,TXKI3O,D社,フィルター,粉体γ
2024/05/19,D6AF58,A社,ホース,粉体β
2024/05/20,1AT7O7,D社,ホース,粉体γ
2024/05/22,OOTNJL,A社,ホース,粉体β
2024/05/25,9FK2ST,E社,フィルター,粉体γ
2024/06/02,8E9RIV,B社,ホース,粉体α
2024/06/05,WHEF0V,D社,ポンプ,粉体β
2024/06/25,POYIPK,D社,バルブ,粉体γ
2024/07/02,VEDN9U,C社,バルブ,粉体α
2024/07/04,JAHCPZ,E社,フィルター,粉体α
2024/07/05,G05KBK,E社,フィルター,粉体β
2024/07/08,81JHUW,A社,ホース,粉体γ
2024/07/16,7DIA5U,E社,バルブ,粉体γ
2024/07/16,1J6FP8,B社,ホース,粉体β
2024/07/17,C36KOF,A社,シール,粉体β
2024/07/31,EWCFHQ,A社,ポンプ,粉体γ
2024/08/03,UY0BVR,C社,バルブ,粉体γ
2024/08/04,QIMQOD,D社,シール,粉体γ
2024/08/05,D0GJYV,A社,バルブ,粉体γ
2024/08/05,UZGPPO,B社,ホース,粉体γ
2024/08/11,YWRRAT,A社,フィルター,粉体γ
2024/08/14,82KKZM,D社,シール,粉体γ
2024/08/18,8XFDJG,B社,フィルター,粉体α
2024/08/27,OXIE0R,D社,ポンプ,粉体α
2024/09/21,13C9XQ,E社,シール,粉体α
2024/09/21,1IYYO4,E社,シール,粉体α
2024/09/28,AJEPEC,D社,シール,粉体γ
2024/10/01,C5WI6F,D社,シール,粉体β
2024/10/08,FFLZM7,C社,フィルター,粉体β
2024/10/08,3I12VJ,B社,バルブ,粉体γ
2024/10/16,CPRHVL,C社,シール,粉体β
2024/11/05,B85P86,C社,ポンプ,粉体γ
2024/11/06,XLPU0D,C社,シール,粉体γ
2024/11/13,04B7P4,A社,ホース,粉体β
2024/11/15,ZTKSZP,B社,フィルター,粉体α
2024/11/16,VOBBZ2,E社,ホース,粉体α
2024/11/18,JJQ9K6,D社,バルブ,粉体α
2024/11/18,NJ48VF,A社,ポンプ,粉体γ
2024/11/23,3L0XZA,C社,シール,粉体γ
2024/11/23,LCMPIO,B社,バルブ,粉体α
2024/11/26,SSRURA,C社,フィルター,粉体β
2024/11/26,0FODRO,C社,フィルター,粉体γ
2024/11/28,98CWN2,B社,フィルター,粉体α
2024/11/30,12SPFH,E社,バルブ,粉体β
2024/12/06,Q7NC85,B社,シール,粉体α
2024/12/10,5WFCPK,C社,ポンプ,粉体α
2024/12/15,UHTCS1,C社,ポンプ,粉体γ
2024/12/27,U3493W,E社,フィルター,粉体γ
2024/12/28,1ZXYVG,B社,シール,粉体γ
2024/12/31,BRN7ZS,A社,シール,粉体α
2025/01/02,NQFLL7,E社,フィルター,粉体α
2025/01/10,2HGJ11,B社,フィルター,粉体γ
2025/01/13,LA0GNZ,E社,ポンプ,粉体γ
2025/01/24,S8HMBR,D社,シール,粉体γ
2025/01/26,JGXAA2,B社,ポンプ,粉体β
2025/01/27,YGVWOP,C社,フィルター,粉体β
2025/01/31,D91ZDF,C社,フィルター,粉体α
2025/02/07,OMV2XC,A社,ポンプ,粉体γ
2025/02/07,YGFLIJ,B社,ホース,粉体β
2025/02/08,1231YV,A社,ポンプ,粉体β
2025/02/13,K791ZY,D社,シール,粉体β
2025/02/14,S9TJ1G,C社,フィルター,粉体γ
2025/02/19,FLSEHU,A社,ポンプ,粉体β
2025/03/05,SQT26Q,E社,バルブ,粉体β
2025/03/11,IYTWBO,D社,フィルター,粉体γ
2025/03/12,A2M0W1,C社,バルブ,粉体α
2025/03/25,03UVUL,A社,ホース,粉体β
2025/03/29,3C5BA7,C社,ポンプ,粉体β
2025/03/31,XRG2GZ,D社,バルブ,粉体γ
2025/04/07,ADEJNO,A社,ホース,粉体α
2025/04/08,UHXID4,C社,フィルター,粉体β
2025/04/09,ENULQJ,B社,バルブ,粉体α
2025/04/10,RHT7ZE,E社,ポンプ,粉体α
2025/04/14,VSLWF9,C社,ポンプ,粉体β
2025/04/16,DBVZB0,D社,ホース,粉体α
2025/05/01,QW6AHF,E社,ポンプ,粉体β
2025/05/02,50ATVZ,C社,バルブ,粉体α
2025/05/03,MCQBNK,A社,ポンプ,粉体γ
2025/05/04,2IEUC1,B社,ポンプ,粉体α
2025/05/06,OGE4QX,E社,フィルター,粉体α
2025/05/10,M72JEY,D社,ホース,粉体β
2025/05/14,J8YRDD,D社,フィルター,粉体γ
2025/05/15,74X2EK,D社,バルブ,粉体γ
2025/05/27,XB94PD,D社,フィルター,粉体α
2025/06/02,VQHW06,E社,シール,粉体β
2025/06/04,C1QKBH,A社,シール,粉体β
2025/06/19,EKKBP2,D社,フィルター,粉体α
2025/06/21,4RTWUZ,C社,ホース,粉体α
2025/06/24,M1ENF3,E社,バルブ,粉体γ
2025/06/24,L1RSRL,A社,フィルター,粉体β
2025/06/26,98S4C3,A社,フィルター,粉体β
2025/06/27,BFQNPC,B社,ポンプ,粉体β
2025/06/30,K9TR74,D社,シール,粉体α
2025/07/02,7OONNC,B社,フィルター,粉体β
2025/07/05,NP84DY,E社,シール,粉体α
2025/07/07,T11F9I,E社,シール,粉体γ
2025/07/11,4YPEIX,C社,ホース,粉体γ
2025/07/13,KSP2EX,E社,バルブ,粉体β
2025/07/17,PYMB5M,D社,シール,粉体γ
2025/07/19,QIZK3C,A社,フィルター,粉体β
2025/07/20,MMX3Y9,D社,バルブ,粉体α
2025/07/24,MYX444,D社,シール,粉体γ
2025/07/26,TN7E36,B社,ポンプ,粉体γ
2025/07/26,0UR5L8,A社,バルブ,粉体α
2025/07/30,97Y2LO,B社,シール,粉体β
2025/08/20,MLGSES,C社,シール,粉体γ
2025/08/24,FXZV4U,A社,フィルター,粉体α
2025/08/30,F1BCPP,E社,ホース,粉体β
2025/08/31,LFEWVZ,D社,ポンプ,粉体γ
2025/09/04,N23Y30,E社,フィルター,粉体γ
2025/09/09,9RN8QT,E社,シール,粉体γ
2025/09/19,H8LX6D,E社,バルブ,粉体γ
2025/09/19,VYLKFX,B社,ホース,粉体β
2025/09/22,GFXC08,A社,ポンプ,粉体α
2025/09/25,57P6BK,C社,シール,粉体α
2025/10/15,8WQUUY,E社,ポンプ,粉体β
2025/10/28,SIWJM2,A社,シール,粉体β
2025/11/09,LOS6ZL,A社,シール,粉体β
2025/11/16,YTT3IM,C社,バルブ,粉体γ
2025/11/23,GTT0IA,A社,シール,粉体β
2025/11/25,7D4IVS,D社,シール,粉体γ
2025/12/04,RR7S20,A社,ホース,粉体γ
2025/12/04,2TWDL9,D社,ポンプ,粉体β
2025/12/14,2ATQYY,E社,ホース,粉体γ
2025/12/19,K8YQK9,D社,フィルター,粉体α
2025/12/22,3QSQCQ,C社,フィルター,粉体β
2025/12/23,H8JWWD,B社,ポンプ,粉体γ
2025/12/25,8K0AXY,A社,フィルター,粉体β
2025/12/26,678K52,D社,フィルター,粉体α
2025/12/30,FM8ZOV,A社,シール,粉体γ
